<?xml version="1.0" encoding="UTF-8" standalone="no"?>
<?fileVersion 4.0.0?><cproject storage_type_id="org.eclipse.cdt.core.XmlProjectDescriptionStorage">
	<storageModule moduleId="org.eclipse.cdt.core.settings">
		<cconfiguration id="cdt.managedbuild.config.gnu.exe.debug.2042707425">
			<storageModule buildSystemId="org.eclipse.cdt.managedbuilder.core.configurationDataProvider" id="cdt.managedbuild.config.gnu.exe.debug.2042707425" moduleId="org.eclipse.cdt.core.settings" name="Debug">
				<externalSettings/>
				<extensions>
					<extension id="org.eclipse.cdt.core.GNU_ELF" point="org.eclipse.cdt.core.BinaryParser"/>
					<extension id="org.eclipse.cdt.core.GASErrorParser" point="org.eclipse.cdt.core.ErrorParser"/>
					<extension id="org.eclipse.cdt.core.GmakeErrorParser" point="org.eclipse.cdt.core.ErrorParser"/>
					<extension id="org.eclipse.cdt.core.GLDErrorParser" point="org.eclipse.cdt.core.ErrorParser"/>
					<extension id="org.eclipse.cdt.core.CWDLocator" point="org.eclipse.cdt.core.ErrorParser"/>
					<extension id="org.eclipse.cdt.core.GCCErrorParser" point="org.eclipse.cdt.core.ErrorParser"/>
				</extensions>
			</storageModule>
			<storageModule moduleId="cdtBuildSystem" version="4.0.0">
				<configuration artifactName="${ProjName}" buildArtefactType="org.eclipse.cdt.build.core.buildArtefactType.exe" buildProperties="org.eclipse.cdt.build.core.buildArtefactType=org.eclipse.cdt.build.core.buildArtefactType.exe,org.eclipse.cdt.build.core.buildType=org.eclipse.cdt.build.core.buildType.debug" cleanCommand="rm -rf" description="" id="cdt.managedbuild.config.gnu.exe.debug.2042707425" name="Debug" parent="cdt.managedbuild.config.gnu.exe.debug">
					<folderInfo id="cdt.managedbuild.config.gnu.exe.debug.2042707425." name="/" resourcePath="">
						<toolChain id="cdt.managedbuild.toolchain.gnu.exe.debug.672782607" name="Linux GCC" superClass="cdt.managedbuild.toolchain.gnu.exe.debug">
							<targetPlatform id="cdt.managedbuild.target.gnu.platform.exe.debug.1067910645" name="Debug Platform" superClass="cdt.managedbuild.target.gnu.platform.exe.debug"/>
							<builder buildPath="${workspace_loc:/Linux Commands}/Debug" id="cdt.managedbuild.target.gnu.builder.exe.debug.799309490" keepEnvironmentInBuildfile="false" managedBuildOn="true" name="Gnu Make Builder" superClass="cdt.managedbuild.target.gnu.builder.exe.debug"/>
							<tool id="cdt.managedbuild.tool.gnu.archiver.base.433425986" name="GCC Archiver" superClass="cdt.managedbuild.tool.gnu.archiver.base"/>
							<tool id="cdt.managedbuild.tool.gnu.cpp.compiler.exe.debug.1700908068" name="GCC C++ Compiler" superClass="cdt.managedbuild.tool.gnu.cpp.compiler.exe.debug">
								<option id="gnu.cpp.compiler.exe.debug.option.optimization.level.829175489" name="Optimization Level" superClass="gnu.cpp.compiler.exe.debug.option.optimization.level" useByScannerDiscovery="false" value="gnu.cpp.compiler.optimization.level.none" valueType="enumerated"/>
								<option id="gnu.cpp.compiler.exe.debug.option.debugging.level.439685755" name="Debug Level" superClass="gnu.cpp.compiler.exe.debug.option.debugging.level" useByScannerDiscovery="false" value="gnu.cpp.compiler.debugging.level.max" valueType="enumerated"/>
							</tool>
							<tool id="cdt.managedbuild.tool.gnu.c.compiler.exe.debug.327244752" name="GCC C Compiler" superClass="cdt.managedbuild.tool.gnu.c.compiler.exe.debug">
								<option defaultValue="gnu.c.optimization.level.none" id="gnu.c.compiler.exe.debug.option.optimization.level.1689770303" name="Optimization Level" superClass="gnu.c.compiler.exe.debug.option.optimization.level" useByScannerDiscovery="false" valueType="enumerated"/>
								<option id="gnu.c.compiler.exe.debug.option.debugging.level.1499307836" name="Debug Level" superClass="gnu.c.compiler.exe.debug.option.debugging.level" useByScannerDiscovery="false" value="gnu.c.debugging.level.max" valueType="enumerated"/>
								<inputType id="cdt.managedbuild.tool.gnu.c.compiler.input.1719021368" superClass="cdt.managedbuild.tool.gnu.c.compiler.input"/>
							</tool>
							<tool id="cdt.managedbuild.tool.gnu.c.linker.exe.debug.98800317" name="GCC C Linker" superClass="cdt.managedbuild.tool.gnu.c.linker.exe.debug">
								<inputType id="cdt.managedbuild.tool.gnu.c.linker.input.1782717018" superClass="cdt.managedbuild.tool.gnu.c.linker.input">
									<additionalInput kind="additionalinputdependency" paths="$(USER_OBJS)"/>
									<additionalInput kind="additionalinput" paths="$(LIBS)"/>
								</inputType>
							</tool>
							<tool id="cdt.managedbuild.tool.gnu.cpp.linker.exe.debug.1795406571" name="GCC C++ Linker" superClass="cdt.managedbuild.tool.gnu.cpp.linker.exe.debug"/>
							<tool id="cdt.managedbuild.tool.gnu.assembler.exe.debug.1630324708" name="GCC Assembler" superClass="cdt.managedbuild.tool.gnu.assembler.exe.debug">
								<inputType id="cdt.managedbuild.tool.gnu.assembler.input.595135395" superClass="cdt.managedbuild.tool.gnu.assembler.input"/>
							</tool>
						</toolChain>
					</folderInfo>
					<sourceEntries>
						<entry flags="VALUE_WORKSPACE_PATH|RESOLVED" kind="sourcePath" name="src"/>
					</sourceEntries>
				</configuration>
			</storageModule>
			<storageModule moduleId="org.eclipse.cdt.core.externalSettings"/>
		</cconfiguration>
		<cconfiguration id="cdt.managedbuild.config.gnu.exe.release.1404746679">
			<storageModule buildSystemId="org.eclipse.cdt.managedbuilder.core.configurationDataProvider" id="cdt.managedbuild.config.gnu.exe.release.1404746679" moduleId="org.eclipse.cdt.core.settings" name="Release">
				<externalSettings/>
				<extensions>
					<extension id="org.eclipse.cdt.core.GNU_ELF" point="org.eclipse.cdt.core.BinaryParser"/>
					<extension id="org.eclipse.cdt.core.GASErrorParser" point="org.eclipse.cdt.core.ErrorParser"/>
					<extension id="org.eclipse.cdt.core.GmakeErrorParser" point="org.eclipse.cdt.core.ErrorParser"/>
					<extension id="org.eclipse.cdt.core.GLDErrorParser" point="org.eclipse.cdt.core.ErrorParser"/>
					<extension id="org.eclipse.cdt.core.CWDLocator" point="org.eclipse.cdt.core.ErrorParser"/>
					<extension id="org.eclipse.cdt.core.GCCErrorParser" point="org.eclipse.cdt.core.ErrorParser"/>
				</extensions>
			</storageModule>
			<storageModule moduleId="cdtBuildSystem" version="4.0.0">
				<configuration artifactName="${ProjName}" buildArtefactType="org.eclipse.cdt.build.core.buildArtefactType.exe" buildProperties="org.eclipse.cdt.build.core.buildArtefactType=org.eclipse.cdt.build.core.buildArtefactType.exe,org.eclipse.cdt.build.core.buildType=org.eclipse.cdt.build.core.buildType.release" cleanCommand="rm -rf" description="" id="cdt.managedbuild.config.gnu.exe.release.1404746679" name="Release" parent="cdt.managedbuild.config.gnu.exe.release">
					<folderInfo id="cdt.managedbuild.config.gnu.exe.release.1404746679." name="/" resourcePath="">
						<toolChain id="cdt.managedbuild.toolchain.gnu.exe.release.599668926" name="Linux GCC" superClass="cdt.managedbuild.toolchain.gnu.exe.release">
							<targetPlatform id="cdt.managedbuild.target.gnu.platform.exe.release.2051657685" name="Debug Platform" superClass="cdt.managedbuild.target.gnu.platform.exe.release"/>
							<builder buildPath="${workspace_loc:/Linux Commands}/Release" id="cdt.managedbuild.target.gnu.builder.exe.release.1568335194" keepEnvironmentInBuildfile="false" managedBuildOn="true" name="Gnu Make Builder" superClass="cdt.managedbuild.target.gnu.builder.exe.release"/>
							<tool id="cdt.managedbuild.tool.gnu.archiver.base.1340203634" name="GCC Archiver" superClass="cdt.managedbuild.tool.gnu.archiver.base"/>
							<tool id="cdt.managedbuild.tool.gnu.cpp.compiler.exe.release.318876371" name="GCC C++ Compiler" superClass="cdt.managedbuild.tool.gnu.cpp.compiler.exe.release">
								<option id="gnu.cpp.compiler.exe.release.option.optimization.level.1313455749" name="Optimization Level" superClass="gnu.cpp.compiler.exe.release.option.optimization.level" useByScannerDiscovery="false" value="gnu.cpp.compiler.optimization.level.most" valueType="enumerated"/>
								<option id="gnu.cpp.compiler.exe.release.option.debugging.level.828395779" name="Debug Level" superClass="gnu.cpp.compiler.exe.release.option.debugging.level" useByScannerDiscovery="false" value="gnu.cpp.compiler.debugging.level.none" valueType="enumerated"/>
							</tool>
							<tool id="cdt.managedbuild.tool.gnu.c.compiler.exe.release.2010776059" name="GCC C Compiler" superClass="cdt.managedbuild.tool.gnu.c.compiler.exe.release">
								<option defaultValue="gnu.c.optimization.level.most" id="gnu.c.compiler.exe.release.option.optimization.level.1643954458" name="Optimization Level" superClass="gnu.c.compiler.exe.release.option.optimization.level" useByScannerDiscovery="false" valueType="enumerated"/>
								<option id="gnu.c.compiler.exe.release.option.debugging.level.586179297" name="Debug Level" superClass="gnu.c.compiler.exe.release.option.debugging.level" useByScannerDiscovery="false" value="gnu.c.debugging.level.none" valueType="enumerated"/>
								<inputType id="cdt.managedbuild.tool.gnu.c.compiler.input.1735519864" superClass="cdt.managedbuild.tool.gnu.c.compiler.input"/>
							</tool>
							<tool id="cdt.managedbuild.tool.gnu.c.linker.exe.release.2043233288" name="GCC C Linker" superClass="cdt.managedbuild.tool.gnu.c.linker.exe.release">
								<inputType id="cdt.managedbuild.tool.gnu.c.linker.input.1281171421" superClass="cdt.managedbuild.tool.gnu.c.linker.input">
									<additionalInput kind="additionalinputdependency" paths="$(USER_OBJS)"/>
									<additionalInput kind="additionalinput" paths="$(LIBS)"/>
								</inputType>
							</tool>
							<tool id="cdt.managedbuild.tool.gnu.cpp.linker.exe.release.1567086115" name="GCC C++ Linker" superClass="cdt.managedbuild.tool.gnu.cpp.linker.exe.release"/>
							<tool id="cdt.managedbuild.tool.gnu.assembler.exe.release.1984659921" name="GCC Assembler" superClass="cdt.managedbuild.tool.gnu.assembler.exe.release">
								<inputType id="cdt.managedbuild.tool.gnu.assembler.input.1167306810" superClass="cdt.managedbuild.tool.gnu.assembler.input"/>
							</tool>
						</toolChain>
					</folderInfo>
					<sourceEntries>
						<entry flags="VALUE_WORKSPACE_PATH|RESOLVED" kind="sourcePath" name="src"/>
					</sourceEntries>
				</configuration>
			</storageModule>
			<storageModule moduleId="org.eclipse.cdt.core.externalSettings"/>
		</cconfiguration>
	</storageModule>
	<storageModule moduleId="cdtBuildSystem" version="4.0.0">
		<project id="Linux Commands.cdt.managedbuild.target.gnu.exe.1348902805" name="Executable" projectType="cdt.managedbuild.target.gnu.exe"/>
	</storageModule>
	<storageModule moduleId="scannerConfiguration">
		<autodiscovery enabled="true" problemReportingEnabled="true" selectedProfileId=""/>
		<scannerConfigBuildInfo instanceId="cdt.managedbuild.config.gnu.exe.release.1404746679;cdt.managedbuild.config.gnu.exe.release.1404746679.;cdt.managedbuild.tool.gnu.c.compiler.exe.release.2010776059;cdt.managedbuild.tool.gnu.c.compiler.input.1735519864">
			<autodiscovery enabled="true" problemReportingEnabled="true" selectedProfileId=""/>
		</scannerConfigBuildInfo>
		<scannerConfigBuildInfo instanceId="cdt.managedbuild.config.gnu.exe.debug.2042707425;cdt.managedbuild.config.gnu.exe.debug.2042707425.;cdt.managedbuild.tool.gnu.c.compiler.exe.debug.327244752;cdt.managedbuild.tool.gnu.c.compiler.input.1719021368">
			<autodiscovery enabled="true" problemReportingEnabled="true" selectedProfileId=""/>
		</scannerConfigBuildInfo>
	</storageModule>
	<storageModule moduleId="org.eclipse.cdt.core.LanguageSettingsProviders"/>
</cproject>
